task_id,task_type,instruction,query,golden_answer
1-1,Memorization,"You are required to provide the precise legal text corresponding to the specified article from the Code of the District of Columbia. This task evaluates your ability to recall the exact wording of financial regulations. Do not provide a summary or interpretation. Your answer must match the official legal language as stated in the Code, ensuring that all clauses, exceptions, and legal terms are accurately reproduced.","Provide the verbatim text of § 26–801 from the Code of the District of Columbia. This article outlines the legal provisions related to joint accounts, specifically addressing the rights and obligations of individuals named on these accounts.","""Except as provided in §§ 19-602.21 to 19-602.26, when a deposit is made in the name of two or more persons, such deposit may be withdrawn or paid to any one of them, or to the survivor upon the death of the other, unless there is specific direction to the contrary."""
1-2,Memorization,Provide a detailed and precise answer to the question based on your knowledge of the specified article from the Code of the District of Columbia. This task evaluates your ability to accurately recall and apply legal provisions regarding the responsibilities of financial institutions. Your response should align strictly with the legal text and reflect the official language of the Code. Do not include extraneous interpretations or summaries beyond what is asked.,"What is the primary legal obligation of financial institutions as established in § 26–802 of the Code of the District of Columbia, particularly in relation to the disclosure of interest rates on savings accounts? Ensure your answer specifies the obligations and their purpose as outlined in the Code.","""Under § 26–802, financial institutions are required to clearly disclose all applicable interest rates for savings accounts. This includes providing transparent and accessible information to customers to ensure compliance with District regulations and promote informed decision-making."""
2-1,Understanding," Carefully analyze the provided text extracted from § 26–803 of the Code of the District of Columbia. Your task is to identify any inaccuracies, ambiguities, or outdated phrasing in the statement. Propose a revised version that aligns with modern legal and regulatory standards, ensuring it is both grammatically correct and precise in its legal language. Your response should reflect the legal intent of the provision while incorporating contemporary practices and terminology, as applicable.","Review the following statement extracted from § 26–803: ""Deposits shall only be paid in person to the depositor."" Identify any issues with this phrasing, including potential ambiguities or outdated requirements. Rewrite the statement to ensure it is legally precise and reflective of current practices in financial regulations.","""Corrected text: 'Deposits may be withdrawn by the depositor in person, through an authorized representative, or via approved digital banking platforms, as permitted by the institution's policies and subject to applicable regulations.'"""
2-2,Understanding,"Analyze the specified article from the Code of the District of Columbia to identify its central issue or the primary legal question it addresses. Focus on determining the core controversy or dispute described in the article, paying close attention to the implications for compliance with relevant financial regulations. Your analysis should provide a concise and accurate description of the legal problem or question raised, framed within the context of the article’s provisions.","What is the central legal issue or controversy described in § 26–804 of the Code of the District of Columbia, particularly regarding the adequacy and timeliness of disclosures related to overdraft fees? Provide your response in the context of consumer protection requirements under District law.","""The primary issue in § 26–804 concerns whether financial institutions have fulfilled their obligation to provide customers with clear and timely disclosures about overdraft fees. The dispute often arises when customers claim they were unaware of such fees or the terms under which they were charged, leading to potential violations of the District's consumer protection laws."""
2-3,Understanding,"Carefully examine the specified article from the Code of the District of Columbia to identify and categorize the regulatory compliance obligations it outlines. Focus on key provisions related to institutional responsibilities, legal requirements, and specific regulatory measures. Your analysis should highlight categories such as anti-money laundering (AML), financial reporting, or any other compliance frameworks addressed in the article. Provide a detailed and accurate response that reflects the article’s core objectives and their implications for financial institutions operating under District law.","What are the regulatory compliance obligations detailed in § 26–805 of the Code of the District of Columbia? Specifically, identify the requirements related to anti-money laundering practices and financial reporting thresholds, and explain their relevance to institutional compliance.","""§ 26–805 outlines comprehensive compliance obligations for financial institutions, particularly in the areas of anti-money laundering (AML) and financial reporting. These include mandatory customer due diligence (CDD) to verify account holders' identities, the reporting of suspicious activities to appropriate authorities under specified timelines, and adherence to reporting thresholds for large cash transactions exceeding $10,000. These requirements aim to prevent illicit financial activities and ensure transparency in financial operations, with non-compliance resulting in penalties or regulatory actions."""
2-4,Understanding,"Thoroughly review the specified article from the Code of the District of Columbia and analyze its content to determine the primary topic or issue it addresses. Your task is to summarize the focus of the article, highlighting the key legal or regulatory concerns it seeks to address. Pay special attention to the context of its provisions and their implications for financial institutions. Ensure your response captures the essence of the article in a concise yet comprehensive manner.","What is the main topic addressed in § 26–806 of the Code of the District of Columbia, particularly regarding cybersecurity protocols for financial institutions? Provide a response that reflects the article’s emphasis on safeguarding customer information and maintaining institutional data integrity.","""§ 26–806 centers on implementing robust cybersecurity measures for financial institutions operating within the District. Its provisions mandate the use of advanced data encryption techniques to safeguard sensitive customer information, the establishment of breach notification protocols to ensure timely reporting of unauthorized data access, and regular security audits to assess vulnerabilities and ensure compliance with industry standards. These measures aim to enhance institutional resilience against cyber threats and protect consumer trust in financial systems."""
2-5,Understanding,"Analyze the specified article from the Code of the District of Columbia to identify the penalties it imposes for non-compliance with the outlined legal requirements. Your task is to describe these penalties in detail, highlighting their financial, operational, or regulatory implications for institutions that fail to meet their obligations. Ensure your response reflects the severity and purpose of these penalties, particularly how they aim to enforce compliance and uphold regulatory standards.","What are the penalties imposed under § 26–807 of the Code of the District of Columbia on financial institutions that fail to conduct annual audits as required by law? Provide a detailed response that outlines the specific consequences of non-compliance, including monetary fines and operational restrictions.","""Penalties under § 26–807 are designed to enforce strict compliance with annual audit requirements for financial institutions. These penalties include monetary fines of up to $10,000 per infraction, which serve as a deterrent against negligence. Additionally, institutions that fail to comply may face temporary suspension of their operating licenses, limiting their ability to conduct business until compliance is restored. For repeated violations, regulatory authorities have the power to revoke the institution’s license entirely, signaling the importance of adhering to audit standards to maintain transparency and protect consumer trust."""
2-6,Understanding," Review the specified article from the Code of the District of Columbia and extract all named entities referenced within its text. Focus on identifying specific institutions, regulatory bodies, or other key entities that are central to the article’s provisions. Your task is to provide a comprehensive list of these entities, ensuring that their roles and relevance to the legal or regulatory context are clear. Emphasize any distinctions between different types of institutions, such as banks, credit unions, or non-bank entities, and their licensing requirements.",Which entities are referenced in § 26–808 of the Code of the District of Columbia in relation to the licensing of financial operations within the District? Provide a detailed response listing the relevant entities and their roles as described in the article.,"""§ 26–808 references several key entities involved in the licensing of financial operations within the District. These include District-licensed banks, which serve as the primary financial institutions regulated under this provision; credit unions, which operate under distinct cooperative principles and are subject to specialized licensing requirements; mortgage lenders, whose licensing ensures transparency and compliance in real estate transactions; and non-bank financial institutions, such as payment processors and loan servicing companies, which must obtain specific operating licenses to ensure regulatory oversight and consumer protection. Each of these entities is subject to periodic review and compliance checks to maintain their licenses."""
2-7,Understanding,"Carefully read the specified article from the Code of the District of Columbia and provide a comprehensive summary of the primary arguments or justifications it presents. Your response should highlight the central rationale behind the article’s provisions, including any supporting evidence, examples, or data referenced within the text. Focus on explaining how these arguments relate to the broader goals of the regulation and its intended impact on individuals and institutions. Ensure that your summary captures both the legal reasoning and the practical implications described in the article.",Summarize the arguments presented in § 26–809 of the Code of the District of Columbia regarding the necessity of implementing mandatory financial literacy programs for consumers. Provide a detailed explanation of the rationale and supporting evidence outlined in the article.,"""§ 26–809 emphasizes the critical role of mandatory financial literacy programs in improving consumer decision-making and fostering informed financial behavior. The article argues that such programs are essential to reducing vulnerability to predatory lending practices and ensuring equitable access to financial resources. Supporting evidence includes studies demonstrating a direct correlation between financial education and reduced default rates on loans and credit cards. The provision further highlights the long-term benefits of financial literacy, such as increased savings rates, better retirement planning, and overall economic stability for individuals and communities. By mandating these programs, the article aims to address systemic financial inequities and promote greater consumer protection."""
2-8,Understanding,"Analyze the specified article from the Code of the District of Columbia to identify its key arguments or claims. In addition to outlining these arguments, your response should highlight the supporting evidence, examples, or data referenced within the text. Focus on explaining how the evidence supports the article’s provisions and contributes to its overall purpose. Provide a detailed and structured summary that reflects the article’s intent and practical implications, particularly in the context of regulatory compliance and consumer protection.",What are the primary arguments and supporting evidence presented in § 26–810 of the Code of the District of Columbia regarding the importance of clear loan repayment terms? Provide a comprehensive summary of the article’s rationale and its relevance to lender-borrower relationships.,"""§ 26–810 underscores the significance of transparent loan repayment terms in fostering trust between lenders and borrowers while minimizing financial disputes. The article argues that clear terms, including detailed schedules of payments, interest rates, and penalties for late payments, empower borrowers to make informed financial decisions and meet their obligations effectively. Supporting evidence includes industry studies showing that borrowers who receive clear, accessible loan terms are less likely to default, with delinquency rates dropping by up to 25% in some cases. Additionally, the article highlights examples of successful lender programs that have adopted transparent practices, resulting in higher repayment rates and improved borrower satisfaction. By mandating these provisions, the article aims to strengthen financial stability and ensure fair treatment for all parties involved."""
2-9,Understanding,"Carefully review the specified article from the Code of the District of Columbia and provide a detailed summary of the major events or situations it describes. Your summary should focus on the legal and financial implications of these events, particularly how they relate to regulatory compliance and institutional accountability. Highlight the role of the described events in shaping subsequent legal or procedural reforms. Ensure your response captures both the context and the broader impact of the events on affected stakeholders, including depositors, financial institutions, and regulatory bodies.","Summarize the key events described in § 26–811 of the Code of the District of Columbia, with particular attention to fraud investigations involving depositor funds. Provide a detailed explanation of the incidents and their regulatory consequences.","""§ 26–811 details several significant cases of fraud involving misappropriation of depositor funds by bank employees. These incidents include unauthorized transfers, falsification of account records, and collusion with third parties to embezzle funds. The article describes regulatory responses such as immediate audits, imposition of monetary penalties on the institutions involved, and suspension of operating licenses in severe cases. It also outlines subsequent measures taken to strengthen internal controls, such as implementing stricter oversight mechanisms, mandatory employee background checks, and advanced transaction monitoring systems. These events underscore the importance of robust regulatory frameworks to protect consumer assets and maintain public trust in financial institutions."""
2-10,Understanding,"Analyze the specified article from the Code of the District of Columbia and identify the key legal or technical terms that act as triggers for regulatory compliance or legal enforcement. Your task is to list these terms and explain their significance within the context of the article. Highlight how these terms are used to define obligations, enforce penalties, or establish standards for financial institutions. Ensure your response captures the relevance of these terms to the broader goals of regulatory oversight and institutional accountability.",What are the key trigger words or legal terms mentioned in § 26–812 of the Code of the District of Columbia in relation to audit compliance? Provide a detailed explanation of how these terms are critical to ensuring adherence to financial reporting laws.,"""§ 26–812 contains several key trigger words that play a critical role in defining regulatory compliance and enforcement mechanisms related to audit practices. These terms include 'audit,' which signifies the mandatory review and verification of financial statements; 'compliance,' emphasizing adherence to statutory and procedural requirements; 'penalty,' which refers to the consequences imposed for non-compliance, such as fines or operational restrictions; 'reporting,' highlighting the obligation to submit accurate and timely financial data to regulatory authorities; and 'misrepresentation,' which addresses the intentional or negligent provision of false information in financial reports. Together, these terms establish the framework for maintaining financial integrity, ensuring transparency, and safeguarding consumer interests."""
3-1,Applying,"Evaluate the described scenario and identify the most relevant article from the Code of the District of Columbia that applies to the situation. Provide a detailed explanation for your reasoning, including how the provisions of the identified article address the specific issue raised in the scenario. Your response should clearly outline the connection between the article’s requirements and the actions or omissions described, emphasizing the legal and regulatory implications. Ensure your explanation demonstrates a thorough understanding of the article’s intent and its role in enforcing compliance and protecting consumer interests.","A bank charges undisclosed fees on its savings accounts, which are later discovered by customers. Which article from the Code of the District of Columbia applies to this situation, and why? Provide a comprehensive explanation that references the article’s provisions and their relevance to this issue.","""§ 26–802 applies directly to this scenario, as it mandates that banks must clearly disclose all fees and terms associated with savings accounts to their customers. The article explicitly aims to ensure transparency and prevent financial institutions from engaging in practices that could mislead or disadvantage consumers. Failure to disclose such fees constitutes a violation of the District's consumer protection laws, which are designed to promote fairness and accountability in financial services. By not adhering to the disclosure requirements of § 26–802, the bank has breached its legal obligations, potentially subjecting it to penalties and regulatory enforcement actions. This provision serves to protect customers from hidden costs and to uphold trust in financial institutions."""
3-2,Applying,"Analyze the described scenario and predict the most likely outcome based on the facts provided and the legal provisions outlined in the specified article. Your response should include a detailed explanation of how the article applies to the situation, referencing the obligations and responsibilities of the involved parties. Consider the potential consequences for non-compliance, such as restitution, penalties, or remedial measures, and ensure your prediction aligns with the regulatory framework described in the article. Provide a thorough rationale to support your conclusion.",Predict the likely outcome of a legal dispute under § 26–813 of the Code of the District of Columbia involving unauthorized withdrawals from a customer’s account. Include an explanation of how the article’s provisions would guide the resolution of such a case.,"""Under § 26–813, the likely outcome of a legal dispute involving unauthorized withdrawals would involve multiple actions to address the violation and provide redress to the affected customer. First, the bank would be required to make full restitution of the withdrawn amount to the customer to rectify the financial harm caused. Second, the institution could face regulatory fines for failing to safeguard the customer’s account, reflecting its breach of compliance with security standards outlined in the article. Finally, the bank would likely be required to implement enhanced security protocols, such as stronger authentication measures and transaction monitoring systems, to prevent future incidents. These measures serve to uphold consumer protection standards and reinforce public trust in financial institutions."""
3-3,Applying," Examine the described scenario and identify the specific charges or legal violations applicable under the provisions of the specified article. Your response should reference the relevant legal requirements outlined in the article and detail how the described actions or omissions constitute a breach of these requirements. Additionally, explain the potential consequences of these violations, including penalties, fines, or further legal action. Ensure your response is comprehensive and directly tied to the scenario and the provisions in question.",What specific charges or violations apply under § 26–814 of the Code of the District of Columbia in the case of a bank’s failure to report suspicious transactions as required by anti-money laundering (AML) laws? Provide a detailed explanation of the legal breaches and the corresponding penalties.,"""Under § 26–814, a bank’s failure to report suspicious transactions constitutes a direct violation of anti-money laundering (AML) regulations. The article mandates timely reporting of activities that raise red flags, such as unusually large cash deposits or transfers to high-risk jurisdictions, to ensure regulatory oversight and prevent illicit financial activity. Charges for non-compliance include financial penalties of up to $25,000 per unreported transaction, reflecting the severity of the breach. Additionally, willful negligence or repeated violations may lead to criminal investigations, prosecution of responsible individuals, and reputational harm to the institution. These measures are designed to deter non-compliance and strengthen the integrity of financial systems."""
3-4,Applying,"Analyze the described scenario and categorize the type of financial compliance violation it represents. Focus on identifying the general category of the violation based on its nature and impact, without directly referencing specific articles or legal provisions. Your response should explain how the described actions or omissions fit into the broader framework of regulatory compliance, highlighting the implications for institutions, customers, and regulators. Ensure your explanation demonstrates a clear understanding of the underlying compliance principles and their enforcement.",What category of financial compliance violation does a failure to notify customers about a data breach fall under? Provide a detailed response that explains the nature of the violation and its broader regulatory and operational implications.,"""The failure to notify customers about a data breach falls under the category of cybersecurity compliance violations. This type of violation arises when financial institutions fail to adhere to regulatory requirements that mandate timely disclosure of data breaches to affected individuals. Such omissions undermine customer trust, expose sensitive personal and financial information to potential misuse, and violate established standards for data protection and transparency. Cybersecurity compliance violations often lead to penalties, increased scrutiny from regulatory bodies, and reputational harm for the institution. These violations underscore the importance of robust data security measures and clear communication protocols to safeguard customer information and maintain institutional accountability."""
3-5,Applying,"Analyze the described scenario to categorize the type of financial compliance violation and identify the specific article of the Code of the District of Columbia that governs it. Your response should explain the connection between the described actions or omissions and the requirements outlined in the referenced article. Provide a detailed explanation of how the article applies, including its provisions and their role in addressing such violations. Ensure your response highlights the importance of compliance with the identified legal requirements and their broader impact on institutional accountability and consumer protection.",Which article from the Code of the District of Columbia governs the failure to notify customers about unauthorized access to their financial data? Provide a detailed response that explains the violation’s category and how the referenced article addresses it.,"""The failure to notify customers about unauthorized access to their financial data is governed by § 26–806 of the Code of the District of Columbia. This article mandates that financial institutions must implement timely breach notification protocols to ensure that affected customers are informed of any unauthorized access to their personal or financial information. Such transparency is critical for enabling customers to take protective measures, such as monitoring their accounts for suspicious activity or reporting fraud. The article categorizes this violation as a cybersecurity compliance breach, emphasizing the need for institutions to maintain robust data protection measures and clear communication channels. Failure to comply with these requirements may result in financial penalties, regulatory investigations, and reputational harm, underlining the article’s role in promoting accountability and consumer trust."""
3-6,Applying,"Evaluate the described case and predict the most likely legal decision or outcome based on the provisions outlined in the specified article from the Code of the District of Columbia. Your response should provide a thorough explanation of how the article’s requirements apply to the case, referencing the specific legal principles and obligations involved. Consider the roles and rights of the parties in the case, as well as the regulatory intent of the article. Ensure your prediction reflects both the legal framework and the practical implications of the decision for the parties involved.",A customer sues a bank for denying access to a joint account after the co-holder’s death. What legal decision is most likely to apply under § 26–801 of the Code of the District of Columbia? Provide a detailed response explaining how the article governs such cases.,"""Under § 26–801, the court would likely rule in favor of the surviving account holder and order the bank to grant access to the joint account. This article establishes that, unless otherwise specified in the account agreement, joint accounts are payable to the surviving party upon the death of the other account holder. The provision ensures that survivors have uninterrupted access to funds for essential financial needs, safeguarding their rights during a sensitive period. The court’s decision would reinforce the legal principle that financial institutions must honor the terms of joint accounts as outlined in § 26–801. Additionally, the bank may be required to review and update its internal policies to ensure compliance with survivor rights in future cases."""
3-7,Applying,"Assess the financial penalties imposed under the specified article of the Code of the District of Columbia for non-compliance with its legal requirements. Your task is to analyze how the article’s provisions address violations, with a focus on the specific penalties for misconduct or breaches. Explain the rationale behind these penalties, including their role in enforcing compliance and protecting consumer interests. Ensure your response provides a clear connection between the described violation and the penalties outlined in the article, while also highlighting the broader implications for regulatory oversight and institutional accountability.",What financial penalties are imposed under § 26–819 of the Code of the District of Columbia for misrepresentation of loan terms to customers? Provide a detailed explanation of the penalties and their purpose in ensuring compliance and fairness in financial services.,"""§ 26–819 imposes significant financial penalties for the misrepresentation of loan terms to customers, reflecting the severity of such violations. Penalties include restitution to affected customers, ensuring they are compensated for any losses or financial harm incurred due to misleading or inaccurate loan disclosures. Additionally, the article authorizes fines of up to $15,000 per infraction, serving as a deterrent to institutions that fail to uphold transparency and fairness in their lending practices. For repeated or egregious violations, financial institutions may face the suspension of lending privileges, restricting their ability to issue new loans until compliance is restored. These penalties emphasize the importance of clear and accurate communication in lending agreements, protecting consumer trust and maintaining the integrity of financial markets."""
3-8,Applying,"Provide detailed legal consultation advice based on the provisions outlined in the specified article of the Code of the District of Columbia. Your response should focus on actionable steps that financial institutions can take to ensure compliance and mitigate risks associated with the described requirements. Highlight best practices for meeting the article’s standards, addressing both legal obligations and practical measures to prevent non-compliance. Ensure your advice demonstrates a clear understanding of the regulatory framework and its importance in promoting transparency, consumer trust, and institutional accountability.","Provide consultation advice for financial institutions on how to ensure compliance with § 26–820 of the Code of the District of Columbia, particularly regarding proper loan disclosures to customers. Include actionable recommendations to mitigate risks and meet the article’s requirements.","""To comply with § 26–820, financial institutions must adopt robust practices for ensuring transparency and accuracy in loan disclosures. This includes clearly presenting all loan terms, such as interest rates, fees, repayment schedules, and penalties for late payments, in plain and accessible language to avoid ambiguity. Institutions should establish standardized disclosure templates to ensure consistency across all loan agreements. Additionally, they should implement training programs for staff to ensure a thorough understanding of disclosure requirements and proper communication with customers. Comprehensive record-keeping is critical; institutions should maintain detailed records of all disclosures provided to customers, including signed acknowledgments, to serve as evidence of compliance in the event of disputes. Regular internal audits should also be conducted to identify potential gaps in disclosure processes and ensure alignment with regulatory standards. By following these steps, institutions can mitigate the risk of penalties, legal disputes, and reputational harm while promoting fairness and transparency in lending practices."""